{"cameraMode":{"drawMode":0,"name":"Shaded","section":"Shading Mode"},"sceneLighting":true,"audioPlay":false,"sceneViewState":{"showFog":true,"showMaterialUpdate":false,"showSkybox":true,"showFlares":true,"showImageEffects":true,"showParticleSystems":true},"in2DMode":false,"pivot":{"x":-1.0535383224487305,"y":-1.6234970092773438,"z":3.5273592472076418},"rotation":{"x":-0.18704873323440553,"y":0.7727848887443543,"z":-0.2649655342102051,"w":-0.5455369353294373},"size":9.550000190734864,"orthographic":false}