{"cameraMode":{"drawMode":0,"name":"Shaded","section":"Shading Mode"},"sceneLighting":true,"audioPlay":false,"sceneViewState":{"showFog":true,"showMaterialUpdate":false,"showSkybox":true,"showFlares":true,"showImageEffects":true,"showParticleSystems":true},"in2DMode":false,"pivot":{"x":1.7513046264648438,"y":-0.3197135925292969,"z":-1.1696038246154786},"rotation":{"x":-0.06641638278961182,"y":0.9332369565963745,"z":-0.23611854016780854,"w":-0.2625046670436859},"size":10.0,"orthographic":false}