{"cameraMode":{"drawMode":0,"name":"Shaded","section":"Shading Mode"},"sceneLighting":true,"audioPlay":false,"sceneViewState":{"showFog":true,"showMaterialUpdate":false,"showSkybox":true,"showFlares":true,"showImageEffects":true,"showParticleSystems":true},"in2DMode":false,"pivot":{"x":-3.008462905883789,"y":0.8564701080322266,"z":1.231454849243164},"rotation":{"x":-0.13879257440567017,"y":0.8549543619155884,"z":-0.29313910007476809,"w":-0.40479522943496706},"size":32.820091247558597,"orthographic":false}