{"cameraMode":{"drawMode":0,"name":"Shaded","section":"Shading Mode"},"sceneLighting":true,"audioPlay":false,"sceneViewState":{"showFog":true,"showMaterialUpdate":false,"showSkybox":true,"showFlares":true,"showImageEffects":true,"showParticleSystems":true},"in2DMode":false,"pivot":{"x":0.4329775273799896,"y":1.513808250427246,"z":15.265161514282227},"rotation":{"x":0.049789417535066608,"y":0.005358132999390364,"z":-0.00023852777667343616,"w":0.9987820982933044},"size":22.0,"orthographic":false}